Feature,Importance
aroon_up_25,0.030562242
macd_hist_chg,0.029329028
ema_20_dist,0.028662778
ret_lag_5,0.027530145
natr_14,0.026128992
close_lag_2_rel,0.025774796
rel_volume_5,0.02556519
sma_50_slope,0.025494935
macd_signal_pct,0.025167476
gap_pct,0.02511162
bb_lower_rel,0.025108336
ema_20_slope,0.02454178
sma_10_slope,0.024441535
ret_20d,0.024230149
willr_14,0.023772663
plus_di_14,0.02364132
ret_lag_3,0.02350409
hl_pct,0.023494342
close_lag_3_rel,0.023445489
ema_10_slope,0.023409462
weighted_close_rel,0.023216134
typical_price_rel,0.02300497
macd_hist_pct,0.022802908
minus_dm_14,0.022590438
ret_lag_1,0.022486145
bb_middle_rel,0.02246367
sma_50_dist,0.02235476
close_lag_10_rel,0.022208508
dx_14,0.021926185
rel_volume_20,0.02190549
sma_20_dist,0.02188131
ret_3d,0.021872792
aroon_osc_25,0.021251814
adx_14,0.020848291
aroon_down_25,0.020755932
cci_20,0.020547995
close_lag_1_rel,0.02039206
ema_50_dist,0.020384716
ultosc,0.020224605
std_20_pct,0.020128
mfi_14,0.019743755
ad_slope_10,0.019367477
close_lag_5_rel,0.01872573
