Symbol,Date,Close,xgb_prob_up,xgb_direction,lstm_prob_up,lstm_direction
ABB,2023-12-29,4674.85009765625,0.53020304,UP,0.5307464599609375,UP
ADANIENT,2023-12-29,2848.949951171875,0.5125369,UP,0.5318582653999329,UP
ADANIGREEN,2023-12-29,1597.0,0.56884956,UP,0.5159634947776794,UP
ADANIPORTS,2023-12-29,1024.3499755859375,0.5198517,UP,0.5308772921562195,UP
ALKEM,2023-12-29,5202.60009765625,0.4505698,DOWN,0.5165750980377197,UP
APOLLOHOSP,2023-12-29,5704.10009765625,0.48168102,DOWN,0.5105388164520264,UP
ASIANPAINT,2023-12-29,3402.39990234375,0.5443622,UP,0.5089855790138245,UP
AUROPHARMA,2023-12-29,1084.0,0.47413173,DOWN,0.5166533589363098,UP
AXISBANK,2023-12-29,1102.300048828125,0.51314086,UP,0.5242707133293152,UP
BAJAJ-AUTO,2023-12-29,6797.25,0.5002735,DOWN,0.5168614983558655,UP
BAJAJFINSV,2023-12-29,1685.800048828125,0.49399453,DOWN,0.5090835690498352,UP
BAJFINANCE,2023-12-29,732.7750244140625,0.47417924,DOWN,0.5194582343101501,UP
BANDHANBNK,2023-12-29,241.3999938964844,0.5044115,DOWN,0.5287664532661438,UP
BANKBARODA,2023-12-29,231.1000061035156,0.4827118,DOWN,0.5228697061538696,UP
BEL,2023-12-29,184.1999969482422,0.4532458,DOWN,0.5166714787483215,UP
BERGEPAINT,2023-12-29,604.6500244140625,0.54682565,UP,0.500931441783905,DOWN
BHARTIARTL,2023-12-29,1032.199951171875,0.47592083,DOWN,0.5105974078178406,UP
BHEL,2023-12-29,193.5500030517578,0.48066247,DOWN,0.5193212628364563,UP
BOSCHLTD,2023-12-29,22203.80078125,0.5206718,UP,0.5172146558761597,UP
BPCL,2023-12-29,225.3249969482422,0.48033494,DOWN,0.5273895263671875,UP
BRITANNIA,2023-12-29,5338.4501953125,0.47838494,DOWN,0.5135232210159302,UP
CANBK,2023-12-29,87.5,0.5026373,DOWN,0.5249311923980713,UP
CIPLA,2023-12-29,1246.300048828125,0.5445067,UP,0.5170148015022278,UP
COALINDIA,2023-12-29,376.0,0.4943392,DOWN,0.5112327337265015,UP
COFORGE,2023-12-29,1254.8800048828125,0.49464107,DOWN,0.5336461067199707,UP
COLPAL,2023-12-29,2529.699951171875,0.47215277,DOWN,0.5142055153846741,UP
CUMMINSIND,2023-12-29,1963.949951171875,0.5006911,DOWN,0.5250967741012573,UP
DABUR,2023-12-29,557.2000122070312,0.50232816,DOWN,0.5057535767555237,UP
DIVISLAB,2023-12-29,3903.89990234375,0.49861073,DOWN,0.5039006471633911,DOWN
DIXON,2023-12-29,6566.75,0.48125535,DOWN,0.5165314674377441,UP
DMART,2023-12-29,4082.64990234375,0.49500102,DOWN,0.5204424262046814,UP
DRREDDY,2023-12-29,1159.5799560546875,0.4868098,DOWN,0.5080342292785645,UP
EICHERMOT,2023-12-29,4143.5,0.49650317,DOWN,0.5176666975021362,UP
EMAMILTD,2023-12-29,563.75,0.4048513,DOWN,0.5060675144195557,UP
FEDERALBNK,2023-12-29,156.14999389648438,0.48536277,DOWN,0.5008886456489563,DOWN
FORTIS,2023-12-29,419.2000122070313,0.45856208,DOWN,0.516072154045105,UP
GODREJCP,2023-12-29,1131.199951171875,0.4794052,DOWN,0.5107152462005615,UP
GRASIM,2023-12-29,2126.34521484375,0.49726045,DOWN,0.5197431445121765,UP
HAL,2023-12-29,2804.0,0.51444525,UP,0.5263553857803345,UP
HAVELLS,2023-12-29,1367.949951171875,0.5070078,UP,0.5089305639266968,UP
HCLTECH,2023-12-29,1466.0999755859375,0.4939858,DOWN,0.5295488238334656,UP
HDFCBANK,2023-12-29,854.625,0.46473396,DOWN,0.5152890086174011,UP
HDFCLIFE,2023-12-29,646.7000122070312,0.47381893,DOWN,0.5084052085876465,UP
HEROMOTOCO,2023-12-29,4139.5498046875,0.4534518,DOWN,0.5166914463043213,UP
HINDALCO,2023-12-29,614.8499755859375,0.46422628,DOWN,0.5144971609115601,UP
HINDUNILVR,2023-12-29,2663.949951171875,0.4926499,DOWN,0.5010685920715332,DOWN
ICICIBANK,2023-12-29,996.5999755859376,0.5090946,UP,0.5225162506103516,UP
ICICIGI,2023-12-29,1420.0999755859375,0.4593078,DOWN,0.5128942131996155,UP
IDFCFIRSTB,2023-12-29,88.9000015258789,0.50845665,UP,0.5053196549415588,UP
INDUSINDBK,2023-12-29,1598.949951171875,0.48228484,DOWN,0.5146780610084534,UP
INFY,2023-12-29,1542.9000244140625,0.52895784,UP,0.5264917016029358,UP
IOC,2023-12-29,129.85000610351562,0.4555938,DOWN,0.5199497938156128,UP
IPCALAB,2023-12-29,1113.1500244140625,0.4693479,DOWN,0.5086615681648254,UP
IRCTC,2023-12-29,887.5,0.47775307,DOWN,0.5208062529563904,UP
ITC,2023-12-29,444.963134765625,0.48693764,DOWN,0.5099228024482727,UP
JSWSTEEL,2023-12-29,880.25,0.4982276,DOWN,0.5228897929191589,UP
JUBLFOOD,2023-12-29,565.0499877929688,0.48726895,DOWN,0.508824348449707,UP
KOTAKBANK,2023-12-29,381.6199951171875,0.48033792,DOWN,0.511264979839325,UP
KPITTECH,2023-12-29,1513.8499755859375,0.49999213,DOWN,0.5173671245574951,UP
LALPATHLAB,2023-12-29,1288.8499755859375,0.42823386,DOWN,0.5000982284545898,DOWN
LT,2023-12-29,3526.0,0.50743335,UP,0.5265390872955322,UP
LTIM,2023-12-29,6294.9501953125,0.48221543,DOWN,0.5249941349029541,UP
LTTS,2023-12-29,5254.9501953125,0.49769646,DOWN,0.5283944606781006,UP
MARICO,2023-12-29,548.5,0.51784784,UP,0.5055841207504272,UP
MARUTI,2023-12-29,10302.349609375,0.5177718,UP,0.4908692538738251,DOWN
METROPOLIS,2023-12-29,1678.1500244140625,0.45008826,DOWN,0.509060800075531,UP
MOTHERSON,2023-12-29,67.96666717529297,0.47890526,DOWN,0.5149324536323547,UP
MPHASIS,2023-12-29,2739.75,0.5000788,DOWN,0.5264217853546143,UP
NESTLEIND,2023-12-29,1329.0150146484375,0.45447192,DOWN,0.5129193067550659,UP
NTPC,2023-12-29,311.1499938964844,0.47665632,DOWN,0.5221405625343323,UP
OFSS,2023-12-29,4212.7998046875,0.51390904,UP,0.512173593044281,UP
ONGC,2023-12-29,205.0500030517578,0.48933214,DOWN,0.508215069770813,UP
PERSISTENT,2023-12-29,3694.699951171875,0.48178205,DOWN,0.5165274739265442,UP
PFC,2023-12-29,382.6000061035156,0.5022511,DOWN,0.5390198230743408,UP
PFIZER,2023-12-29,4268.9501953125,0.53671044,UP,0.5281596779823303,UP
PIDILITIND,2023-12-29,1357.550048828125,0.48626825,DOWN,0.5165443420410156,UP
PNB,2023-12-29,95.75,0.47478458,DOWN,0.518174946308136,UP
POLYCAB,2023-12-29,5484.85009765625,0.49858508,DOWN,0.5180503129959106,UP
POWERGRID,2023-12-29,237.1999969482422,0.47136804,DOWN,0.5256754755973816,UP
RECLTD,2023-12-29,412.8500061035156,0.49679664,DOWN,0.5369431376457214,UP
RELIANCE,2023-12-29,1292.4749755859375,0.5130904,UP,0.5150289535522461,UP
SANOFI,2023-12-29,8067.5498046875,0.5107962,UP,0.5166566967964172,UP
SBILIFE,2023-12-29,1432.5999755859375,0.48163673,DOWN,0.5132923722267151,UP
SBIN,2023-12-29,642.0499877929688,0.49293527,DOWN,0.5283483266830444,UP
SIEMENS,2023-12-29,2362.496826171875,0.47938377,DOWN,0.5282465219497681,UP
SUNPHARMA,2023-12-29,1259.449951171875,0.48443946,DOWN,0.5186246037483215,UP
TATACONSUM,2023-12-29,1086.800048828125,0.45454073,DOWN,0.5030179023742676,DOWN
TATAELXSI,2023-12-29,8753.4501953125,0.5241506,UP,0.5241496562957764,UP
TATAPOWER,2023-12-29,332.1499938964844,0.4917043,DOWN,0.5270811319351196,UP
TATASTEEL,2023-12-29,139.60000610351562,0.47850916,DOWN,0.5127710103988647,UP
TCS,2023-12-29,3793.39990234375,0.51397413,UP,0.528505802154541,UP
TECHM,2023-12-29,1272.6500244140625,0.5153603,UP,0.5136540532112122,UP
TITAN,2023-12-29,3675.449951171875,0.5002139,DOWN,0.5225292444229126,UP
TORNTPHARM,2023-12-29,2305.550048828125,0.44041803,DOWN,0.5210777521133423,UP
ULTRACEMCO,2023-12-29,10503.0498046875,0.48888788,DOWN,0.5155418515205383,UP
UNIONBANK,2023-12-29,119.0999984741211,0.51640046,UP,0.5334848165512085,UP
VEDL,2023-12-29,258.54998779296875,0.4840675,DOWN,0.5275332927703857,UP
VOLTAS,2023-12-29,978.3499755859376,0.51251686,UP,0.5153396129608154,UP
WHIRLPOOL,2023-12-29,1366.8499755859375,0.46204826,DOWN,0.5087194442749023,UP
WIPRO,2023-12-29,235.6499938964844,0.4824443,DOWN,0.5233411192893982,UP
